{"cameraData":{"cameraPosition":{"x":-351.95763239735675,"y":346.0071539656728,"z":370.8690407942572},"cameraRotation":{"x":-0.6877975389789233,"y":-0.6618447387442487,"z":-0.46760607774919877}},"lightData":{"spotLights":[],"pointLights":[],"ambientLights":[],"hemiLights":[]},"groundData":{"groundSize":{"x":1000,"y":1000},"groundColor":{"r":0.8,"g":0.8,"b":0.8}},"mapMakerSave":[{"type":"box","size":{"x":152,"y":152,"z":152},"position":{"x":0,"y":93,"z":0},"rotation":{"x":0,"y":0,"z":0},"material":"Plastic","color":{"r":0.25882352941176473,"g":0.7529411764705882,"b":1}}]}