{
    "weaponData": {
        "type": "melee",
        "name": "FISTS",
        "helpText": "[Left Click] Punch",
        "fireRate": 250,
        "weaponDamage": 50,
        "damageRange": 1,
        "minimumDistance": 75,
        "basepotency": 0.99,
        "position": {
            "x": 29.3404767778952,
            "y": -35.71519173158039,
            "z": -84.25836737671506
        },
        "adsPosition": {
            "x": 0,
            "y": -28,
            "z": -33
        },
        "adsRotation": {
            "x": 0.06283185307179587,
            "y": 1.5588283547812212,
            "z": -0.08566370614359174
        },
        "rotation": {
            "x": 0.06283185307179587,
            "y": 1.5274124282453232,
            "z": -0.031415926535897934
        }
    }
}