{
    "weaponData": {
        "type": "melee",
        "name": "FISTS",
        "helpText": "[Left Click] Punch",
        "fireRate": 150,
        "weaponDamage": 150,
        "totalAmmo": 9999999,
        "damageRange": 4,
        "minimumDistance": 100,
        "followSpeed": 512,
        "basepotency": 0.35,
        "position": {
            "x": 29.3404767778952,
            "y": -35.71519173158039,
            "z": -74.25836737671506
        },
        "adsPosition": {
            "x": 0,
            "y": -28,
            "z": -33
        },
        "adsRotation": {
            "x": 0.06283185307179587,
            "y": 1.5588283547812212,
            "z": -0.08566370614359174
        },
        "rotation": {
            "x": 0.06283185307179587,
            "y": 1.5274124282453232,
            "z": -0.031415926535897934
        }
    }
}