{
    "cameraData": {
        "cameraPosition": {
            "x": 0,
            "y": 0,
            "z": 0
        },
        "cameraRotation": {
            "x": 0,
            "y": 0,
            "z": 0
        }
    },
    "lightData": {
        "spotLights": [],
        "pointLights": [],
        "ambientLights": [],
        "hemiLights": []
    },
    "groundData": {
        "groundSize": {
            "x": 1000,
            "y": 1000
        },
        "groundColor": {
            "r": 0.6038273388475408,
            "g": 0.6038273388475408,
            "b": 0.6038273388475408
        }
    },
    "mapMakerSave": [
        {
            "type": "box",
            "size": {
                "x": 2460.9999999999995,
                "y": 250.99999999999997,
                "z": 124.99999999999999
            },
            "position": {
                "x": 0,
                "y": 125,
                "z": -333
            },
            "rotation": {
                "x": -3.141592653589793,
                "y": 0,
                "z": 0
            },
            "material": "tile",
            "color": {
                "r": 1,
                "g": 1,
                "b": 1
            }
        }
    ]
}