{"cameraData":{"cameraPosition":{"x":0,"y":0,"z":0},"cameraRotation":{"x":0,"y":0,"z":0}},"groundData":{"groundSize":{"x":1000,"y":1000},"groundColor":{"r":0.6038273388475408,"g":0.6038273388475408,"b":0.6038273388475408}},"mapMakerSave":[{"type":"box","size":{"x":1109,"y":1,"z":1266},"position":{"x":-2,"y":1,"z":-2},"rotation":{"x":0,"y":0,"z":0},"material":"smooth","color":{"r":0.07421356837213867,"g":0.651405637412793,"b":0.12213877222015301},"isLight":false,"lightBrightness":0,"interactionEvent":"none"},{"type":"box","size":{"x":1133,"y":115,"z":1},"position":{"x":-4,"y":58,"z":632},"rotation":{"x":0,"y":0,"z":0},"material":"smooth","color":{"r":0.18116424423948302,"g":0.13843161502267545,"b":0.3813260114221238},"isLight":false,"lightBrightness":0,"interactionEvent":"none"},{"type":"box","size":{"x":1133,"y":115,"z":1},"position":{"x":-4,"y":58,"z":-635},"rotation":{"x":0,"y":0,"z":0},"material":"smooth","color":{"r":0.18116424423948302,"g":0.13843161502267545,"b":0.3813260114221238},"isLight":false,"lightBrightness":0,"interactionEvent":"none"},{"type":"box","size":{"x":1098,"y":115,"z":1},"position":{"x":-4,"y":58,"z":20},"rotation":{"x":0,"y":0,"z":0},"material":"smooth","color":{"r":0.18116424423948302,"g":0.13843161502267545,"b":0.3813260114221238},"isLight":false,"lightBrightness":0,"interactionEvent":"none"}]}