{"cameraData":{"cameraPosition":{"x":0,"y":0,"z":0},"cameraRotation":{"x":0,"y":0,"z":0}},"lightData":{"spotLights":[],"pointLights":[],"ambientLights":[],"hemiLights":[]},"groundData":{"groundSize":{"x":1000,"y":1000},"groundColor":{"r":0.6038273388475408,"g":0.6038273388475408,"b":0.6038273388475408}},"mapMakerSave":[{"type":"box","size":{"x":71,"y":71,"z":71},"position":{"x":0,"y":35,"z":0},"rotation":{"x":0,"y":0,"z":0},"material":"Plastic","color":{"r":0.20155625378383743,"g":0.33245153633549385,"b":0.04231141061442144}},{"type":"box","size":{"x":71,"y":71,"z":71},"position":{"x":25,"y":35,"z":51},"rotation":{"x":0,"y":0,"z":0},"material":"Plastic","color":{"r":0.20155625378383743,"g":0.33245153633549385,"b":0.04231141061442144}}]}